{
  "type": "minecraft:decorated",
  "config": {
    "decorator": {
      "type": "minecraft:count_extra",
      "config": {
        "count": 100,
        "extra_count": 0,
        "extra_chance": 0
      }
    },
    "feature": {
      "type": "minecraft:decorated",
      "config": {
        "decorator": {
          "type": "minecraft:square",
          "config": {}
        },
        "feature": {
          "type": "minecraft:decorated",
          "config": {
            "decorator": {
              "type": "minecraft:range",
              "config": {
                "height": {
                  "type": "minecraft:uniform",
                  "min_inclusive": {
                    "absolute": 60
                  },
                  "max_inclusive": {
                    "absolute": 80
                  }
                }
              }
            },
            "feature": {
              "type": "minecraft:ore",
              "config": {
                "size": 64,
                "discard_chance_on_air_exposure": 0,
                "targets": [
                  {
                    "target": {
                      "predicate_type": "minecraft:block_match",
                      "block": "minecraft:sand"
                    },
                    "state": {
                      "Name": "minecraft:red_sand"
                    }
                  }
                ]
              }
            }
          }
        }
      }
    }
  }
}