{
  "type": "minecraft:decorated",
  "config": {
    "decorator": {
      "type": "minecraft:decorated",
      "config": {
        "outer": {
          "type": "minecraft:water_depth_threshold",
          "config": {
            "max_water_depth": 2
          }
        },
        "inner": {
          "type": "minecraft:heightmap",
          "config": {
            "heightmap": "OCEAN_FLOOR"
          }
        }
      }
    },
    "feature": {
      "type": "minecraft:tree",
      "config": {
        "ignore_vines": true,
        "force_dirt": true,
        "minimum_size": {
          "type": "minecraft:two_layers_feature_size",
          "limit": 1,
          "lower_size": 0,
          "upper_size": 2
        },
        "dirt_provider": {
          "type": "minecraft:simple_state_provider",
          "state": {
            "Name": "minecraft:rooted_dirt"
          }
        },
        "sapling_provider": {
          "type": "minecraft:simple_state_provider",
          "state": {
            "Name": "minecraft:dark_oak_sapling",
            "Properties": {
              "stage": "0"
            }
          }
        },
        "trunk_provider": {
          "type": "minecraft:simple_state_provider",
          "state": {
            "Name": "minecraft:stripped_dark_oak_log",
            "Properties": {
              "axis": "y"
            }
          }
        },
        "foliage_provider": {
          "type": "minecraft:simple_state_provider",
          "state": {
            "Name": "minecraft:air"
          }
        },
        "trunk_placer": {
          "type": "minecraft:forking_trunk_placer",
          "base_height": 3,
          "height_rand_a": 2,
          "height_rand_b": 4
        },
        "foliage_placer": {
          "type": "minecraft:acacia_foliage_placer",
          "radius": 2,
          "offset": 0
        },
        "decorators": []
      }
    }
  }
}