{
  "type": "minecraft:decorated",
  "config": {
    "decorator": {
      "type": "minecraft:count_noise_biased",
      "config": {
        "noise_to_count_ratio": -1,
        "noise_factor": 1000,
        "noise_offset": -0.3
      }
    },
    "feature": {
      "type": "minecraft:decorated",
      "config": {
        "decorator": {
          "type": "minecraft:count_noise_biased",
          "config": {
            "noise_to_count_ratio": 1,
            "noise_factor": 1000,
            "noise_offset": 0.3
          }
        },
        "feature": "wythers:desert/riverside_vegetation"
      }
    }
  }
}