{
  "type": "minecraft:decorated",
  "config": {
    "decorator": {
      "type": "minecraft:count_extra",
      "config": {
        "count": 2000,
        "extra_count": 0,
        "extra_chance": 0
      }
    },
    "feature": {
      "type": "minecraft:decorated",
      "config": {
        "decorator": {
          "type": "minecraft:heightmap",
          "config": {
            "heightmap": "MOTION_BLOCKING"
          }
        },
        "feature": {
          "type": "minecraft:decorated",
          "config": {
            "decorator": {
              "type": "minecraft:decorated",
              "config": {
                "outer": {
                  "type": "minecraft:square",
                  "config": {}
                },
                "inner": {
                  "type": "minecraft:square",
                  "config": {}
                }
              }
            },
            "feature": {
              "type": "minecraft:ore",
              "config": {
                "size": 64,
                "discard_chance_on_air_exposure": 0,
                "targets": [
                  {
                    "target": {
                      "predicate_type": "minecraft:block_match",
                      "block": "minecraft:coarse_dirt"
                    },
                    "state": {
                      "Name": "minecraft:sand"
                    }
                  }
                ]
              }
            }
          }
        }
      }
    }
  }
}
