{
  "config": {
    "decorator": {
      "type": "decorated",
      "config": {
        "outer": {
          "type": "minecraft:water_depth_threshold",
          "config": {
            "max_water_depth": 0
          }
        },
        "inner": {
          "type": "minecraft:heightmap",
          "config": {
            "heightmap": "OCEAN_FLOOR"
          }
        }
      }
    },
    "feature": {
      "type": "minecraft:tree",
      "config": {
        "ignore_vines": true,
        "minimum_size": {
          "limit": 1,
          "lower_size": 0,
          "upper_size": 2,
          "type": "minecraft:two_layers_feature_size"
        },
        "decorators": [
          {
            "probability": 0.2,
            "type": "minecraft:cocoa"
          },
          {
            "type": "minecraft:leave_vine"
          }
        ],
        "trunk_provider": {
          "state": {
            "Properties": {
              "axis": "y"
            },
            "Name": "minecraft:jungle_wood"
          },
          "type": "minecraft:simple_state_provider"
        },
        "foliage_placer": {
          "radius": 2,
          "offset": 0,
          "type": "minecraft:acacia_foliage_placer"
        },
        "trunk_placer": {
          "base_height": 5,
          "height_rand_a": 0,
          "height_rand_b": 7,
          "type": "minecraft:forking_trunk_placer"
        },
        "foliage_provider": {
          "state": {
            "Properties": {
              "persistent": "false",
              "distance": "7"
            },
            "Name": "minecraft:jungle_leaves"
          },
          "type": "minecraft:simple_state_provider"
        },
        "force_dirt": false,
        "dirt_provider": {
          "type": "minecraft:simple_state_provider",
          "state": {
            "Name": "minecraft:dirt"
          }
        },
        "sapling_provider": {
          "type": "minecraft:simple_state_provider",
          "state": {
            "Name": "minecraft:jungle_sapling",
            "Properties": {
              "stage": "0"
            }
          }
        }
      }
    }
  },
  "type": "minecraft:decorated"
}
