{
  "name": "kaisyn:winery/field",
  "fallback": "minecraft:empty",
  "elements": [
    {
      "weight": 2,
      "element": {
        "element_type": "minecraft:legacy_single_pool_element",
        "projection": "terrain_matching",
        "location": "kaisyn:winery/field_1",
        "processors": "kaisyn:street_coast"
      }
    },
    {
      "weight": 2,
      "element": {
        "element_type": "minecraft:legacy_single_pool_element",
        "projection": "terrain_matching",
        "location": "kaisyn:winery/field_2",
        "processors": "kaisyn:street_coast"
      }
    },
    {
      "weight": 1,
      "element": {
        "element_type": "minecraft:legacy_single_pool_element",
        "projection": "rigid",
        "location": "kaisyn:winery/field_3",
        "processors": "kaisyn:street_coast"
      }
    }
  ]
}
