{
  "scale": 0.4,
  "effects": {
    "mood_sound": {
      "sound": "minecraft:ambient.cave",
      "tick_delay": 6000,
      "block_search_extent": 8,
      "offset": 2
    },
    "grass_color": 13145700,
    "foliage_color": 7887420,
    "sky_color": 11842740,
    "fog_color": 13158600,
    "water_color": 6388580,
    "water_fog_color": 2302743
  },
  "surface_builder": "minecraft:swamp",
  "carvers": {
    "air": [
      "minecraft:prototype_cave",
      "minecraft:prototype_canyon",
      "minecraft:prototype_crevice"
    ]
  },
  "features": [
    [],
    [],
    [
      "minecraft:amethyst_geode",
      "wythers:caves/cnb_dripstone_caves_large_dripstone"
    ],
    [
      "minecraft:monster_room"
    ],
    [],
    [],
    [
      "wythers:caves/cnb_dirt_caves_ore_dirt",
      "wythers:generic/heightmap_ore_podzol_in_grass",
      "minecraft:prototype_ore_dirt",
      "minecraft:prototype_ore_gravel",
      "minecraft:prototype_ore_granite",
      "minecraft:prototype_ore_diorite",
      "minecraft:prototype_ore_andesite",
      "minecraft:prototype_ore_tuff",
      "minecraft:prototype_ore_coal_upper",
      "minecraft:prototype_ore_coal_lower",
      "minecraft:prototype_ore_iron_upper",
      "minecraft:prototype_ore_iron_middle",
      "minecraft:prototype_ore_iron_small",
      "minecraft:prototype_ore_gold",
      "minecraft:prototype_ore_redstone",
      "minecraft:prototype_ore_redstone_lower",
      "minecraft:prototype_ore_diamond",
      "minecraft:prototype_ore_diamond_large",
      "minecraft:prototype_ore_lapis",
      "minecraft:prototype_ore_lapis_buried",
      "minecraft:prototype_ore_copper",
      "minecraft:prototype_underwater_magma",
      "minecraft:disk_clay"
    ],
    [
      "minecraft:rare_dripstone_cluster",
      "minecraft:rare_small_dripstone",
      "wythers:caves/cnb_dripstone_caves_dripstone_cluster",
      "wythers:caves/cnb_dripstone_caves_small_dripstone"
    ],
    [
      "minecraft:glow_lichen",
      "wythers:caves/cnb_dirt_caves_rooted_floor",
      "wythers:caves/cnb_dirt_caves_rooted_ceiling",
      "wythers:caves/cnb_dirt_caves_hanging_roots",
      "wythers:caves/cnb_simple_kelp_bottom",
      "wythers:caves/cnb_simple_kelp_middle",
      "wythers:caves/cnb_simple_kelp_top",
      "wythers:caves/cnb_simple_seagrass",
      "wythers:caves/cnb_simple_sea_pickles",
      "wythers:caves/cnb_mushroom_caves",
      "wythers:caves/cnb_mushroom_caves_simple_mushrooms",
      "wythers:dark_forest/vegetation_giant",
      "minecraft:patch_grass_savanna",
      "minecraft:patch_dead_bush",
      "minecraft:patch_waterlilly",
      "minecraft:brown_mushroom_swamp",
      "minecraft:red_mushroom_swamp",
      "minecraft:brown_mushroom_normal",
      "minecraft:red_mushroom_normal",
      "wythers:dark_forest/patch_carved_pumpkins",
      "minecraft:spring_water",
      "minecraft:seagrass_swamp",
      "wythers:dark_forest/flower_wither_rose",
      "wythers:generic/patch_stones_south_1",
      "wythers:generic/patch_stones_east_1",
      "wythers:dark_forest/dark_oak_log_in_grass_on_dirt",
      "wythers:dark_forest/dark_oak_log_in_air_on_dirt",
      "wythers:dark_forest/dark_oak_log_in_grass_on_grass",
      "wythers:dark_forest/dark_oak_log_in_air_on_grass",
      "wythers:dark_forest/dark_oak_log_in_grass_on_podzol",
      "wythers:dark_forest/dark_oak_log_in_air_on_podzol",
      "wythers:dark_forest/dark_oak_log_in_dirt"
    ],
    [
      "minecraft:freeze_top_layer",
      "wythers:caves/hanging_roots",
      "wythers:caves/grass_roots",
      "wythers:caves/simple_glow_lichen_underside"
    ]
  ],
  "starts": [
    "more_structures:village_dark_forest_hills",
    "more_structures:pillager_outpost_dark_forest_hills",
    "more_structures:bastion_remnant_dark_forest_hills",
    "minecraft:mansion",
    "minecraft:mineshaft",
    "minecraft:stronghold",
    "minecraft:ruined_portal"
  ],
  "spawners": {
    "monster": [
      {
        "type": "minecraft:spider",
        "weight": 50,
        "minCount": 4,
        "maxCount": 4
      },
      {
        "type": "minecraft:cave_spider",
        "weight": 50,
        "minCount": 4,
        "maxCount": 4
      },
      {
        "type": "minecraft:zombie",
        "weight": 50,
        "minCount": 4,
        "maxCount": 4
      },
      {
        "type": "minecraft:zombie_villager",
        "weight": 5,
        "minCount": 1,
        "maxCount": 1
      },
      {
        "type": "minecraft:skeleton",
        "weight": 50,
        "minCount": 4,
        "maxCount": 4
      },
      {
        "type": "minecraft:stray",
        "weight": 50,
        "minCount": 4,
        "maxCount": 4
      },
      {
        "type": "minecraft:creeper",
        "weight": 20,
        "minCount": 4,
        "maxCount": 4
      },
      {
        "type": "minecraft:slime",
        "weight": 100,
        "minCount": 4,
        "maxCount": 4
      },
      {
        "type": "minecraft:vex",
        "weight": 30,
        "minCount": 2,
        "maxCount": 2
      },
      {
        "type": "minecraft:vindicator",
        "weight": 30,
        "minCount": 1,
        "maxCount": 2
      },
      {
        "type": "minecraft:ravager",
        "weight": 15,
        "minCount": 1,
        "maxCount": 1
      },
      {
        "type": "minecraft:witch",
        "weight": 30,
        "minCount": 3,
        "maxCount": 4
      }
    ],
    "creature": [
      {
        "type": "minecraft:mooshroom",
        "weight": 8,
        "minCount": 4,
        "maxCount": 4
      },
      {
        "type": "minecraft:cow",
        "weight": 8,
        "minCount": 2,
        "maxCount": 4
      }
    ],
    "ambient": [
      {
        "type": "minecraft:bat",
        "weight": 10,
        "minCount": 8,
        "maxCount": 8
      }
    ],
    "underground_water_creature": [
      {
        "type": "minecraft:glow_squid",
        "weight": 10,
        "minCount": 4,
        "maxCount": 6
      }
    ],
    "water_creature": [],
    "water_ambient": [
      {
        "type": "minecraft:pufferfish",
        "weight": 5,
        "minCount": 1,
        "maxCount": 3
      }
    ],
    "misc": []
  },
  "spawn_costs": {},
  "player_spawn_friendly": false,
  "precipitation": "rain",
  "temperature": 0.7,
  "downfall": 0.8,
  "category": "forest",
  "depth": 0.6
}
