{
  "scale": 0,
  "effects": {
    "mood_sound": {
      "sound": "minecraft:ambient.cave",
      "tick_delay": 6000,
      "block_search_extent": 8,
      "offset": 2
    },
    "grass_color": 16765810,
    "sky_color": 7254527,
    "fog_color": 14598542,
    "water_color": 4566514,
    "water_fog_color": 267827
  },
  "surface_builder": "minecraft:desert",
  "carvers": {
    "air": [
      "minecraft:prototype_cave",
      "minecraft:prototype_canyon",
      "minecraft:prototype_crevice"
    ]
  },
  "features": [
    [],
    [
      "wythers:generic/lake_salt"
    ],
    [
      "minecraft:amethyst_geode",
      "wythers:caves/cnb_dripstone_caves_large_dripstone"
    ],
    [
      "wythers:desert/red_desert_fossils",
      "wythers:desert/desert_fossils",
      "minecraft:prototype_fossil_lower",
      "minecraft:prototype_fossil_upper",
      "minecraft:monster_room"
    ],
    [
      "minecraft:desert_well"
    ],
    [],
    [
      "wythers:desert/australian_cnb_ore_red_sand",
      "wythers:desert/sea_level_simple_grass_block",
      "wythers:desert/ore_base_smooth_sandstone",
      "minecraft:prototype_ore_dirt",
      "minecraft:prototype_ore_gravel",
      "minecraft:prototype_ore_granite",
      "minecraft:prototype_ore_diorite",
      "minecraft:prototype_ore_andesite",
      "minecraft:prototype_ore_tuff",
      "minecraft:prototype_ore_coal_upper",
      "minecraft:prototype_ore_coal_lower",
      "minecraft:prototype_ore_iron_upper",
      "minecraft:prototype_ore_iron_middle",
      "minecraft:prototype_ore_iron_small",
      "minecraft:prototype_ore_gold",
      "minecraft:prototype_ore_redstone",
      "minecraft:prototype_ore_redstone_lower",
      "minecraft:prototype_ore_diamond",
      "minecraft:prototype_ore_diamond_large",
      "minecraft:prototype_ore_lapis",
      "minecraft:prototype_ore_lapis_buried",
      "minecraft:prototype_ore_copper",
      "minecraft:prototype_underwater_magma",
      "wythers:desert/sonoran_cnb_grass",
      "wythers:desert/australian_cnb_grass",
      "wythers:desert/disk_sand_beach"
    ],
    [
      "wythers:desert/australian_cnb_ore_base_smooth_red_sandstone",
      "minecraft:rare_dripstone_cluster",
      "minecraft:rare_small_dripstone",
      "wythers:caves/cnb_dripstone_caves_dripstone_cluster",
      "wythers:caves/cnb_dripstone_caves_small_dripstone"
    ],
    [
      "minecraft:glow_lichen",
      "wythers:desert/cnb_riverside_vegetation",
      "wythers:caves/cnb_simple_kelp_bottom",
      "wythers:caves/cnb_simple_kelp_middle",
      "wythers:caves/cnb_simple_kelp_top",
      "wythers:caves/cnb_simple_seagrass",
      "wythers:caves/cnb_simple_sea_pickles",
      "wythers:caves/cnb_mushroom_caves",
      "wythers:caves/cnb_mushroom_caves_simple_mushrooms",
      "wythers:desert/cnb_block_pile_smooth_sandstone",
      "wythers:desert/australian_cnb_block_pile_smooth_red_sandstone",
      "wythers:desert/australian_cnb_acacia_bushes",
      "wythers:desert/sonoran_cnb_dead_bush",
      "wythers:desert/australian_cnb_dead_bush",
      "wythers:generic/flowers_plains",
      "wythers:desert/sonoran_cnb_cactus",
      "minecraft:patch_tall_grass",
      "minecraft:patch_grass_savanna",
      "wythers:generic/patch_stones_south_2",
      "wythers:generic/patch_stones_east_3"
    ],
    [
      "minecraft:freeze_top_layer",
      "wythers:caves/hanging_roots",
      "wythers:caves/grass_roots",
      "wythers:caves/simple_glow_lichen_underside",
      "wythers:desert/red_sandstone_ore_replacer"
    ]
  ],
  "starts": [
    "more_structures:pillager_outpost_desert",
    "more_structures:bastion_remnant_desert",
    "minecraft:village_desert",
    "minecraft:desert_pyramid",
    "minecraft:stronghold",
    "minecraft:ruined_portal_desert"
  ],
  "spawners": {
    "monster": [
      {
        "type": "minecraft:spider",
        "weight": 100,
        "minCount": 4,
        "maxCount": 4
      },
      {
        "type": "minecraft:zombie",
        "weight": 19,
        "minCount": 4,
        "maxCount": 4
      },
      {
        "type": "minecraft:zombie_villager",
        "weight": 1,
        "minCount": 1,
        "maxCount": 1
      },
      {
        "type": "minecraft:skeleton",
        "weight": 100,
        "minCount": 4,
        "maxCount": 4
      },
      {
        "type": "minecraft:creeper",
        "weight": 100,
        "minCount": 4,
        "maxCount": 4
      },
      {
        "type": "minecraft:slime",
        "weight": 100,
        "minCount": 4,
        "maxCount": 4
      },
      {
        "type": "minecraft:enderman",
        "weight": 10,
        "minCount": 1,
        "maxCount": 4
      },
      {
        "type": "minecraft:witch",
        "weight": 5,
        "minCount": 1,
        "maxCount": 1
      },
      {
        "type": "minecraft:husk",
        "weight": 80,
        "minCount": 4,
        "maxCount": 4
      }
    ],
    "creature": [
      {
        "type": "minecraft:rabbit",
        "weight": 10,
        "minCount": 4,
        "maxCount": 4
      },
      {
        "type": "minecraft:cow",
        "weight": 15,
        "minCount": 2,
        "maxCount": 6
      },
      {
        "type": "minecraft:horse",
        "weight": 10,
        "minCount": 2,
        "maxCount": 6
      },
      {
        "type": "minecraft:donkey",
        "weight": 5,
        "minCount": 1,
        "maxCount": 3
      }
    ],
    "ambient": [
      {
        "type": "minecraft:bat",
        "weight": 10,
        "minCount": 8,
        "maxCount": 8
      }
    ],
    "underground_water_creature": [
      {
        "type": "minecraft:glow_squid",
        "weight": 10,
        "minCount": 4,
        "maxCount": 6
      }
    ],
    "water_creature": [],
    "water_ambient": [],
    "misc": []
  },
  "spawn_costs": {},
  "player_spawn_friendly": false,
  "precipitation": "none",
  "temperature": 2,
  "downfall": 0,
  "category": "desert",
  "depth": 0.2
}
