{
  "scale": 0.7,
  "effects": {
    "mood_sound": {
      "sound": "minecraft:ambient.cave",
      "tick_delay": 6000,
      "block_search_extent": 8,
      "offset": 2
    },
    "sky_color": 5421806,
    "fog_color": 12638463,
    "water_color": 4445678,
    "water_fog_color": 270131
  },
  "surface_builder": "wythers:jungle_hills",
  "carvers": {
    "air": [
      "minecraft:prototype_cave",
      "minecraft:prototype_canyon",
      "minecraft:prototype_crevice"
    ],
    "liquid": []
  },
  "features": [
    [
      "wythers:underground_rivers/carver/0",
      "wythers:underground_rivers/carver/1",
      "wythers:underground_rivers/carver/2",
      "wythers:underground_rivers/carver/3",
      "wythers:underground_rivers/carver/4",
      "wythers:underground_rivers/carver/5",
      "wythers:underground_rivers/carver/6",
      "wythers:underground_rivers/carver/7",
      "wythers:mushroom_fields/spikes",
      "wythers:mushroom_fields/range_ore_tuff",
      "wythers:mushroom_fields/range_ore_deepslate",
      "wythers:mushroom_fields/range_ore_smooth_basalt",
      "wythers:mushroom_fields/range_ore_blackstone_higher",
      "wythers:mushroom_fields/range_ore_blackstone_lower",
      "wythers:mushroom_fields/disk_sand_beach"
    ],
    [
      "wythers:mushroom_fields/cnb_heightmap_ore_mycelium"
    ],
    [
      "minecraft:amethyst_geode",
      "wythers:caves/cnb_dripstone_caves_large_dripstone",
      "wythers:underground_rivers/decoration/seagrass"
    ],
    [
      "minecraft:monster_room"
    ],
    [],
    [],
    [
      "wythers:mushroom_fields/volcanic_patch",
      "wythers:jungle/hills_y127_simple_stone",
      "wythers:generic/heightmap_ore_mossy_cobblestone",
      "wythers:ores/tepui_ore_emerald",
      "wythers:ores/tepui_ore_gold",
      "minecraft:prototype_ore_dirt",
      "minecraft:prototype_ore_gravel",
      "minecraft:prototype_ore_granite",
      "minecraft:prototype_ore_diorite",
      "minecraft:prototype_ore_andesite",
      "minecraft:prototype_ore_tuff",
      "minecraft:prototype_ore_coal_upper",
      "minecraft:prototype_ore_coal_lower",
      "minecraft:prototype_ore_iron_upper",
      "minecraft:prototype_ore_iron_middle",
      "minecraft:prototype_ore_iron_small",
      "minecraft:prototype_ore_gold",
      "minecraft:prototype_ore_redstone",
      "minecraft:prototype_ore_redstone_lower",
      "minecraft:prototype_ore_diamond",
      "minecraft:prototype_ore_diamond_large",
      "minecraft:prototype_ore_lapis",
      "minecraft:prototype_ore_lapis_buried",
      "minecraft:prototype_ore_copper",
      "minecraft:prototype_underwater_magma",
      "minecraft:disk_sand",
      "minecraft:disk_clay",
      "minecraft:disk_gravel"
    ],
    [
      "minecraft:rare_dripstone_cluster",
      "minecraft:rare_small_dripstone",
      "wythers:caves/cnb_dripstone_caves_dripstone_cluster",
      "wythers:caves/cnb_dripstone_caves_small_dripstone",
      "wythers:warm_ocean/cave_vines"
    ],
    [
      "minecraft:glow_lichen",
      "wythers:caves/cnb_simple_kelp_bottom",
      "wythers:caves/cnb_simple_kelp_middle",
      "wythers:caves/cnb_simple_kelp_top",
      "wythers:caves/cnb_simple_seagrass",
      "wythers:caves/cnb_simple_sea_pickles",
      "wythers:caves/cnb_mushroom_caves",
      "wythers:caves/cnb_mushroom_caves_simple_mushrooms",
      "wythers:caves/cnb_mushroom_caves_2",
      "wythers:caves/cnb_mushroom_caves_simple_mushrooms_2",
      "wythers:caves/cnb_lush_caves_ceiling_vegetation",
      "wythers:caves/cnb_lush_caves_cave_vines",
      "wythers:caves/cnb_lush_caves_clay",
      "wythers:caves/cnb_lush_caves_vegetation",
      "wythers:caves/cnb_lush_caves_classic_vines",
      "wythers:caves/cnb_lush_caves_ceiling_vegetation_2",
      "wythers:caves/cnb_lush_caves_cave_vines_2",
      "wythers:caves/cnb_lush_caves_clay_2",
      "wythers:caves/cnb_lush_caves_vegetation_2",
      "wythers:caves/cnb_lush_caves_classic_vines_2",
      "minecraft:patch_large_fern",
      "minecraft:patch_grass_jungle",
      "wythers:generic/flower_lily_of_the_valley",
      "wythers:mushroom_fields/cnb_fields_vegetation",
      "wythers:mushroom_fields/giant_mushrooms",
      "wythers:warm_ocean/patch_flowers_double",
      "minecraft:brown_mushroom_normal",
      "minecraft:red_mushroom_normal",
      "minecraft:patch_sugar_cane",
      "minecraft:patch_melon",
      "minecraft:spring_water",
      "minecraft:vines",
      "minecraft:seagrass_swamp",
      "wythers:underground_rivers/carver/8",
      "wythers:underground_rivers/carver/9",
      "wythers:underground_rivers/carver/10",
      "wythers:underground_rivers/carver/11",
      "wythers:underground_rivers/decoration/cave_vines",
      "wythers:underground_rivers/decoration/cave_vines_extension",
      "wythers:warm_ocean/patch_small_bamboo_base",
      "wythers:warm_ocean/patch_small_bamboo_middle",
      "wythers:warm_ocean/patch_small_bamboo_top",
      "wythers:warm_ocean/cave_vines_extension",
      "wythers:warm_ocean/cave_vines_extension",
      "wythers:warm_ocean/cave_vines_extension"
    ],
    [
      "minecraft:freeze_top_layer",
      "wythers:caves/hanging_roots",
      "wythers:caves/grass_roots",
      "wythers:mushroom_fields/simple_glowvine_base",
      "wythers:mushroom_fields/simple_glowvine_middle",
      "wythers:mushroom_fields/simple_glowvine_middle",
      "wythers:mushroom_fields/simple_glowvine_tip",
      "wythers:mushroom_fields/simple_glow_lichen_underside",
      "wythers:caves/simple_glow_lichen_underside",
      "wythers:mushroom_fields/volcanic_spring_lava"
    ]
  ],
  "starts": [
    "more_structures:village_mushroom_fields",
    "more_structures:pillager_outpost_mushroom_fields",
    "more_structures:bastion_remnant_mushroom_fields",
    "minecraft:jungle_pyramid",
    "minecraft:mineshaft",
    "minecraft:stronghold",
    "minecraft:ruined_portal_jungle"
  ],
  "spawners": {
    "monster": [
      {
        "type": "minecraft:spider",
        "weight": 100,
        "minCount": 4,
        "maxCount": 4
      },
      {
        "type": "minecraft:husk",
        "weight": 95,
        "minCount": 4,
        "maxCount": 4
      },
      {
        "type": "minecraft:zombie_villager",
        "weight": 5,
        "minCount": 1,
        "maxCount": 1
      },
      {
        "type": "minecraft:skeleton",
        "weight": 100,
        "minCount": 4,
        "maxCount": 4
      },
      {
        "type": "minecraft:creeper",
        "weight": 100,
        "minCount": 4,
        "maxCount": 4
      },
      {
        "type": "minecraft:slime",
        "weight": 100,
        "minCount": 4,
        "maxCount": 4
      },
      {
        "type": "minecraft:enderman",
        "weight": 10,
        "minCount": 1,
        "maxCount": 4
      },
      {
        "type": "minecraft:witch",
        "weight": 10,
        "minCount": 1,
        "maxCount": 1
      },
      {
        "type": "minecraft:ocelot",
        "weight": 2,
        "minCount": 1,
        "maxCount": 3
      }
    ],
    "creature": [
      {
        "type": "minecraft:mooshroom",
        "weight": 100,
        "minCount": 4,
        "maxCount": 8
      },
      {
        "type": "minecraft:pig",
        "weight": 20,
        "minCount": 4,
        "maxCount": 4
      },
      {
        "type": "minecraft:chicken",
        "weight": 10,
        "minCount": 4,
        "maxCount": 4
      },
      {
        "type": "minecraft:parrot",
        "weight": 10,
        "minCount": 2,
        "maxCount": 4
      }
    ],
    "ambient": [
      {
        "type": "minecraft:bat",
        "weight": 10,
        "minCount": 8,
        "maxCount": 8
      }
    ],
    "underground_water_creature": [
      {
        "type": "minecraft:glow_squid",
        "weight": 10,
        "minCount": 4,
        "maxCount": 6
      },
      {
        "type": "minecraft:axolotl",
        "weight": 10,
        "minCount": 4,
        "maxCount": 6
      }
    ],
    "water_creature": [
      {
        "type": "minecraft:dolphin",
        "weight": 1,
        "minCount": 1,
        "maxCount": 2
      }
    ],
    "water_ambient": [
      {
        "type": "minecraft:pufferfish",
        "weight": 15,
        "minCount": 1,
        "maxCount": 3
      },
      {
        "type": "minecraft:tropical_fish",
        "weight": 25,
        "minCount": 8,
        "maxCount": 8
      }
    ],
    "misc": []
  },
  "spawn_costs": {},
  "player_spawn_friendly": false,
  "precipitation": "rain",
  "temperature": 0.9,
  "downfall": 1,
  "category": "mushroom",
  "depth": 0.45
}
