{
  "scale": 0,
  "effects": {
    "mood_sound": {
      "sound": "minecraft:ambient.cave",
      "tick_delay": 6000,
      "block_search_extent": 8,
      "offset": 2
    },
    "grass_color": 16765810,
    "sky_color": 7711487,
    "fog_color": 14598542,
    "water_color": 4566514,
    "water_fog_color": 267827
  },
  "surface_builder": "minecraft:grass",
  "carvers": {
    "air": [
      "minecraft:prototype_cave",
      "minecraft:prototype_canyon",
      "minecraft:prototype_crevice"
    ]
  },
  "features": [
    [
      "wythers:savanna/spring_water",
      "wythers:savanna/simple_moss_blocks"
    ],
    [
      "wythers:savanna/cnb_heightmap_ore_coarse_dirt_drylands",
      "wythers:generic/lake_salt",
      "wythers:generic/lake_coarse_dirt"
    ],
    [
      "minecraft:amethyst_geode",
      "wythers:caves/cnb_dripstone_caves_large_dripstone",
      "wythers:savanna/cnb_heightmap_ore_terracotta_drylands"
    ],
    [
      "minecraft:monster_room"
    ],
    [],
    [],
    [
      "wythers:savanna/australian_cnb_red_sand_in_grass",
      "wythers:caves/cnb_dirt_caves_ore_dirt",
      "minecraft:prototype_ore_dirt",
      "minecraft:prototype_ore_gravel",
      "minecraft:prototype_ore_granite",
      "minecraft:prototype_ore_diorite",
      "minecraft:prototype_ore_andesite",
      "minecraft:prototype_ore_tuff",
      "minecraft:prototype_ore_coal_upper",
      "minecraft:prototype_ore_coal_lower",
      "minecraft:prototype_ore_iron_upper",
      "minecraft:prototype_ore_iron_middle",
      "minecraft:prototype_ore_iron_small",
      "minecraft:prototype_ore_gold",
      "minecraft:prototype_ore_redstone",
      "minecraft:prototype_ore_redstone_lower",
      "minecraft:prototype_ore_diamond",
      "minecraft:prototype_ore_diamond_large",
      "minecraft:prototype_ore_lapis",
      "minecraft:prototype_ore_lapis_buried",
      "minecraft:prototype_ore_copper",
      "minecraft:prototype_underwater_magma"
    ],
    [
      "minecraft:rare_dripstone_cluster",
      "minecraft:rare_small_dripstone",
      "wythers:caves/cnb_dripstone_caves_dripstone_cluster",
      "wythers:caves/cnb_dripstone_caves_small_dripstone"
    ],
    [
      "minecraft:glow_lichen",
      "wythers:desert/australian_cnb_block_pile_smooth_red_sandstone",
      "wythers:savanna/cnb_block_pile_birch_leaves",
      "wythers:savanna/cnb_block_pile_granite",
      "wythers:caves/cnb_dirt_caves_rooted_floor",
      "wythers:caves/cnb_dirt_caves_rooted_ceiling",
      "wythers:caves/cnb_dirt_caves_hanging_roots",
      "wythers:caves/cnb_simple_kelp_bottom",
      "wythers:caves/cnb_simple_kelp_middle",
      "wythers:caves/cnb_simple_kelp_top",
      "wythers:caves/cnb_simple_seagrass",
      "wythers:caves/cnb_simple_sea_pickles",
      "wythers:caves/cnb_mushroom_caves",
      "wythers:caves/cnb_mushroom_caves_simple_mushrooms",
      "wythers:savanna/patch_dead_bush",
      "minecraft:patch_tall_grass",
      "wythers:savanna/australian_cnb_vegetation_eucalyptus_woodland",
      "wythers:savanna/australian_cnb_vegetation_eucalyptus_savanna",
      "wythers:savanna/american_cnb_vegetation_oak_woodland",
      "wythers:savanna/cnb_vegetation_grassland",
      "wythers:savanna/cnb_vegetation_savanna",
      "wythers:savanna/cnb_vegetation_miombo_woodland",
      "wythers:savanna/cnb_vegetation_miombo_forest",
      "minecraft:patch_grass_savanna",
      "minecraft:brown_mushroom_normal",
      "minecraft:red_mushroom_normal",
      "minecraft:patch_sugar_cane",
      "minecraft:spring_water",
      "wythers:generic/patch_stones_south_1",
      "wythers:generic/patch_stones_east_2",
      "wythers:savanna/disk_coarse_dirt",
      "wythers:savanna/patch_waterlilly",
      "wythers:savanna/simple_seagrass"
    ],
    [
      "minecraft:freeze_top_layer",
     "wythers:caves/hanging_roots",
      "wythers:caves/grass_roots",
	  "wythers:savanna/simple_dripleaf_base",
	  "wythers:savanna/simple_dripleaf_sprout",
	  "wythers:savanna/simple_dripleaf_top",
      "wythers:caves/simple_glow_lichen_underside",
      "wythers:savanna/australian_cnb_ore_base_smooth_red_sandstone_1",
      "wythers:savanna/australian_cnb_ore_base_smooth_red_sandstone_2"
    ]
  ],
  "starts": [
    "more_structures:pillager_outpost_savanna",
    "more_structures:bastion_remnant_savanna",
    "minecraft:village_savanna",
    "minecraft:mineshaft",
    "minecraft:stronghold",
    "minecraft:ruined_portal"
  ],
  "spawners": {
    "monster": [
      {
        "type": "minecraft:spider",
        "weight": 100,
        "minCount": 4,
        "maxCount": 4
      },
      {
        "type": "minecraft:zombie",
        "weight": 95,
        "minCount": 4,
        "maxCount": 4
      },
      {
        "type": "minecraft:zombie_villager",
        "weight": 5,
        "minCount": 1,
        "maxCount": 1
      },
      {
        "type": "minecraft:skeleton",
        "weight": 100,
        "minCount": 4,
        "maxCount": 4
      },
      {
        "type": "minecraft:creeper",
        "weight": 100,
        "minCount": 4,
        "maxCount": 4
      },
      {
        "type": "minecraft:slime",
        "weight": 100,
        "minCount": 4,
        "maxCount": 4
      },
      {
        "type": "minecraft:enderman",
        "weight": 10,
        "minCount": 1,
        "maxCount": 4
      },
      {
        "type": "minecraft:witch",
        "weight": 5,
        "minCount": 1,
        "maxCount": 1
      },
      {
        "type": "minecraft:ocelot",
        "weight": 4,
        "minCount": 1,
        "maxCount": 3
      }
    ],
    "creature": [
      {
        "type": "minecraft:chicken",
        "weight": 50,
        "minCount": 4,
        "maxCount": 4
      },
      {
        "type": "minecraft:parrot",
        "weight": 25,
        "minCount": 4,
        "maxCount": 6
      },
      {
        "type": "minecraft:cow",
        "weight": 8,
        "minCount": 4,
        "maxCount": 4
      }
    ],
    "ambient": [
      {
        "type": "minecraft:bat",
        "weight": 10,
        "minCount": 8,
        "maxCount": 8
      }
    ],
    "water_creature": [],
    "water_ambient": [
      {
        "type": "minecraft:cod",
        "weight": 5,
        "minCount": 1,
        "maxCount": 5
      }
    ],
    "misc": []
  },
  "spawn_costs": {},
  "player_spawn_friendly": false,
  "precipitation": "none",
  "temperature": 1.2,
  "downfall": 0,
  "category": "savanna",
  "depth": 0.15
}
