{
  "scale": 0.1,
  "effects": {
    "mood_sound": {
      "sound": "minecraft:ambient.cave",
      "tick_delay": 6000,
      "block_search_extent": 8,
      "offset": 2
    },
    "grass_color": 16765810,
    "sky_color": 7711487,
    "fog_color": 14598542,
    "water_color": 4566514,
    "water_fog_color": 267827
  },
  "surface_builder": "wythers:shattered_savanna",
  "carvers": {
    "air": [
      "minecraft:prototype_cave",
      "minecraft:prototype_canyon",
      "minecraft:prototype_crevice"
    ]
  },
  "features": [
    [],
    [
      "wythers:generic/lake_salt"
    ],
    [
      "minecraft:amethyst_geode",
      "wythers:caves/cnb_dripstone_caves_large_dripstone"
    ],
    [
      "minecraft:monster_room"
    ],
    [
      "wythers:savanna/shattered_vegetation",
      "wythers:savanna/shattered_basalt_columns"
    ],
    [],
    [
      "minecraft:prototype_ore_dirt",
      "minecraft:prototype_ore_gravel",
      "minecraft:prototype_ore_granite",
      "minecraft:prototype_ore_diorite",
      "minecraft:prototype_ore_andesite",
      "minecraft:prototype_ore_tuff",
      "minecraft:prototype_ore_coal_upper",
      "minecraft:prototype_ore_coal_lower",
      "minecraft:prototype_ore_iron_upper",
      "minecraft:prototype_ore_iron_middle",
      "minecraft:prototype_ore_iron_small",
      "minecraft:prototype_ore_gold",
      "minecraft:prototype_ore_redstone",
      "minecraft:prototype_ore_redstone_lower",
      "minecraft:prototype_ore_diamond",
      "minecraft:prototype_ore_diamond_large",
      "minecraft:prototype_ore_lapis",
      "minecraft:prototype_ore_lapis_buried",
      "minecraft:prototype_ore_copper",
      "minecraft:prototype_underwater_magma",
      "wythers:savanna/shattered_heightmap_ore_sand_in_grass",
      "wythers:savanna/shattered_cnb_heightmap_ore_gravel_in_sand",
      "wythers:generic/disk_sand_beach"
    ],
    [
      "minecraft:rare_dripstone_cluster",
      "minecraft:rare_small_dripstone",
      "wythers:caves/cnb_dripstone_caves_dripstone_cluster",
      "wythers:caves/cnb_dripstone_caves_small_dripstone"
    ],
    [
      "minecraft:glow_lichen",
      "wythers:caves/cnb_simple_kelp_bottom",
      "wythers:caves/cnb_simple_kelp_middle",
      "wythers:caves/cnb_simple_kelp_top",
      "wythers:caves/cnb_simple_seagrass",
      "wythers:caves/cnb_simple_sea_pickles",
      "wythers:caves/cnb_mushroom_caves",
      "wythers:caves/cnb_mushroom_caves_simple_mushrooms",
      "minecraft:patch_tall_grass",
      "minecraft:patch_grass_savanna",
      "minecraft:brown_mushroom_normal",
      "minecraft:red_mushroom_normal",
      "minecraft:patch_sugar_cane",
      "minecraft:spring_lava",
      "minecraft:ore_gravel",
      "minecraft:ore_andesite",
      "minecraft:ore_coal",
      "minecraft:ore_iron",
      "minecraft:ore_gold",
      "minecraft:ore_redstone",
      "minecraft:ore_diamond",
      "minecraft:ore_lapis",
      "minecraft:ore_copper"
    ],
    [
      "minecraft:freeze_top_layer",
      "wythers:caves/hanging_roots",
      "wythers:caves/grass_roots",
      "wythers:caves/simple_glow_lichen_underside"
    ]
  ],
  "starts": [
    "more_structures:village_shattered_savanna",
    "more_structures:pillager_outpost_shattered_savanna",
    "more_structures:bastion_remnant_shattered_savanna",
    "minecraft:nether_fossil",
    "minecraft:mineshaft",
    "minecraft:stronghold",
    "minecraft:ruined_portal"
  ],
  "spawners": {
    "monster": [
      {
        "type": "minecraft:spider",
        "weight": 100,
        "minCount": 4,
        "maxCount": 4
      },
      {
        "type": "minecraft:zombie",
        "weight": 95,
        "minCount": 4,
        "maxCount": 4
      },
      {
        "type": "minecraft:zombie_villager",
        "weight": 5,
        "minCount": 1,
        "maxCount": 1
      },
      {
        "type": "minecraft:skeleton",
        "weight": 100,
        "minCount": 4,
        "maxCount": 4
      },
      {
        "type": "minecraft:creeper",
        "weight": 100,
        "minCount": 4,
        "maxCount": 4
      },
      {
        "type": "minecraft:slime",
        "weight": 100,
        "minCount": 4,
        "maxCount": 4
      },
      {
        "type": "minecraft:enderman",
        "weight": 10,
        "minCount": 1,
        "maxCount": 4
      },
      {
        "type": "minecraft:witch",
        "weight": 5,
        "minCount": 1,
        "maxCount": 1
      },
      {
        "type": "minecraft:ravager",
        "weight": 10,
        "minCount": 1,
        "maxCount": 2
      },
      {
        "type": "minecraft:ocelot",
        "weight": 10,
        "minCount": 1,
        "maxCount": 3
      },
      {
        "type": "minecraft:hoglin",
        "weight": 10,
        "minCount": 2,
        "maxCount": 4
      }
    ],
    "creature": [
      {
        "type": "minecraft:pig",
        "weight": 100,
        "minCount": 4,
        "maxCount": 4
      },
      {
        "type": "minecraft:chicken",
        "weight": 100,
        "minCount": 4,
        "maxCount": 4
      },
      {
        "type": "minecraft:wolf",
        "weight": 30,
        "minCount": 4,
        "maxCount": 4
      }
    ],
    "ambient": [
      {
        "type": "minecraft:bat",
        "weight": 10,
        "minCount": 8,
        "maxCount": 8
      }
    ],
    "water_creature": [],
    "water_ambient": [
      {
        "type": "minecraft:cod",
        "weight": 5,
        "minCount": 1,
        "maxCount": 5
      }
    ],
    "misc": []
  },
  "spawn_costs": {},
  "player_spawn_friendly": false,
  "precipitation": "none",
  "temperature": 1.2,
  "downfall": 0,
  "category": "mesa",
  "depth": 0.3
}
