{
  "scale": 0.0,
  "effects": {
    "mood_sound": {
      "sound": "minecraft:ambient.cave",
      "tick_delay": 6000,
      "block_search_extent": 8,
      "offset": 2
    },
    "particle": {
      "options": {
        "type": "minecraft:white_ash"
      },
      "probability": 0.2
    },
    "sky_color": 16777215,
    "fog_color": 13224393,
    "water_color": 4159204,
    "water_fog_color": 329011,
    "grass_color": 7805192,
    "foliage_color": 7805192
  },
  "surface_builder": "wythers:tundra",
  "carvers": {
    "air": [
      "minecraft:prototype_cave",
      "minecraft:prototype_canyon",
      "minecraft:prototype_crevice"
    ]
  },
  "features": [
    [
      "wythers:icy/lake_powder_snow",
      "wythers:icy/tundra_cnb_vegetation"
    ],
    [],
    [
      "minecraft:amethyst_geode",
      "wythers:caves/cnb_dripstone_caves_large_dripstone"
    ],
    [
      "minecraft:monster_room"
    ],
    [],
    [],
    [
      "wythers:icy/tundra_heightmap_ore_crimson_nylium",
      "wythers:icy/tundra_patch_stone",
      "wythers:icy/tundra_heightmap_ore_mossy_cobblestone",
      "wythers:icy/tundra_heightmap_ore_moss",
      "wythers:icy/tundra_heightmap_ore_coarse_dirt",
      "wythers:icy/tundra_heightmap_ore_rooted_dirt",
      "wythers:icy/tundra_heightmap_ore_gravel",
      "wythers:icy/replace_terracottas",
      "wythers:icy/cave_snow_layer",
      "wythers:icy/disk_stone_to_gravel",
      "minecraft:prototype_ore_dirt",
      "minecraft:prototype_ore_gravel",
      "minecraft:prototype_ore_granite",
      "minecraft:prototype_ore_diorite",
      "minecraft:prototype_ore_andesite",
      "minecraft:prototype_ore_tuff",
      "minecraft:prototype_ore_coal_upper",
      "minecraft:prototype_ore_coal_lower",
      "minecraft:prototype_ore_iron_upper",
      "minecraft:prototype_ore_iron_middle",
      "minecraft:prototype_ore_iron_small",
      "minecraft:prototype_ore_gold",
      "minecraft:prototype_ore_redstone",
      "minecraft:prototype_ore_redstone_lower",
      "minecraft:prototype_ore_diamond",
      "minecraft:prototype_ore_diamond_large",
      "minecraft:prototype_ore_lapis",
      "minecraft:prototype_ore_lapis_buried",
      "minecraft:prototype_ore_copper",
      "minecraft:prototype_underwater_magma",
      "wythers:generic/disk_gravel_beach",
      "wythers:generic/disk_clay"
    ],
    [
      "minecraft:rare_dripstone_cluster",
      "minecraft:rare_small_dripstone",
      "wythers:caves/cnb_dripstone_caves_dripstone_cluster",
      "wythers:caves/cnb_dripstone_caves_small_dripstone"
    ],
    [
      "minecraft:glow_lichen",
      "wythers:caves/cnb_simple_kelp_bottom",
      "wythers:caves/cnb_simple_kelp_middle",
      "wythers:caves/cnb_simple_kelp_top",
      "wythers:caves/cnb_simple_seagrass",
      "wythers:caves/cnb_simple_sea_pickles",
      "wythers:caves/cnb_mushroom_caves",
      "wythers:caves/cnb_mushroom_caves_simple_mushrooms",
      "wythers:icy/tundra_patch_crimson_roots",
      "wythers:icy/tundra_patch_grass"
    ],
    [
      "wythers:icy/snow_layers",
      "minecraft:freeze_top_layer",
      "wythers:icy/simple_frosted_ice",
      "wythers:caves/hanging_roots",
      "wythers:caves/grass_roots",
      "wythers:caves/simple_glow_lichen_underside"
    ]
  ],
  "starts": [
    "more_structures:pillager_outpost_snowy_tundra",
    "more_structures:bastion_remnant_snowy_tundra",
    "minecraft:village_snowy",
    "minecraft:igloo",
    "minecraft:mineshaft",
    "minecraft:stronghold",
    "minecraft:ruined_portal"
  ],
  "creature_spawn_probability": 0.07,
  "spawners": {
    "monster": [
      {
        "type": "minecraft:spider",
        "weight": 100,
        "minCount": 4,
        "maxCount": 4
      },
      {
        "type": "minecraft:zombie",
        "weight": 95,
        "minCount": 4,
        "maxCount": 4
      },
      {
        "type": "minecraft:zombie_villager",
        "weight": 5,
        "minCount": 1,
        "maxCount": 1
      },
      {
        "type": "minecraft:skeleton",
        "weight": 20,
        "minCount": 4,
        "maxCount": 4
      },
      {
        "type": "minecraft:creeper",
        "weight": 100,
        "minCount": 4,
        "maxCount": 4
      },
      {
        "type": "minecraft:slime",
        "weight": 100,
        "minCount": 4,
        "maxCount": 4
      },
      {
        "type": "minecraft:enderman",
        "weight": 10,
        "minCount": 1,
        "maxCount": 4
      },
      {
        "type": "minecraft:witch",
        "weight": 5,
        "minCount": 1,
        "maxCount": 1
      },
      {
        "type": "minecraft:stray",
        "weight": 80,
        "minCount": 4,
        "maxCount": 4
      }
    ],
    "creature": [
      {
        "type": "minecraft:rabbit",
        "weight": 10,
        "minCount": 2,
        "maxCount": 3
      },
      {
        "type": "minecraft:fox",
        "weight": 8,
        "minCount": 2,
        "maxCount": 4
      },
      {
        "type": "minecraft:polar_bear",
        "weight": 1,
        "minCount": 1,
        "maxCount": 2
      }
    ],
    "ambient": [
      {
        "type": "minecraft:bat",
        "weight": 10,
        "minCount": 8,
        "maxCount": 8
      }
    ],
    "underground_water_creature": [
      {
        "type": "minecraft:glow_squid",
        "weight": 10,
        "minCount": 4,
        "maxCount": 6
      }
    ],
    "water_creature": [],
    "water_ambient": [
      {
        "type": "minecraft:salmon",
        "weight": 5,
        "minCount": 1,
        "maxCount": 5
      }
    ],
    "misc": []
  },
  "spawn_costs": {},
  "player_spawn_friendly": false,
  "precipitation": "snow",
  "temperature": 0.1495,
  "downfall": 0.5,
  "category": "taiga",
  "depth": 0.05
}
