{"type":"minecraft:chest","pools":[{"rolls":{"min":0.0,"max":1.0,"type":"minecraft:uniform"},"entries":[{"name":"minecraft:crossbow","type":"minecraft:item"}]},{"rolls":{"min":2.0,"max":3.0,"type":"minecraft:uniform"},"entries":[{"name":"minecraft:cactus","type":"minecraft:item","weight":7,"functions":[{"function":"minecraft:set_count","count":{"min":3.0,"max":5.0,"type":"minecraft:uniform"}}]},{"name":"minecraft:dead_bush","type":"minecraft:item","weight":5,"functions":[{"function":"minecraft:set_count","count":{"min":2.0,"max":5.0,"type":"minecraft:uniform"}}]},{"name":"minecraft:cobweb","type":"minecraft:item","weight":5,"functions":[{"function":"minecraft:set_count","count":{"min":3.0,"max":5.0,"type":"minecraft:uniform"}}]}]},{"rolls":{"min":1.0,"max":3.0,"type":"minecraft:uniform"},"entries":[{"name":"minecraft:chiseled_sandstone","type":"minecraft:item","functions":[{"function":"minecraft:set_count","count":{"min":2.0,"max":3.0,"type":"minecraft:uniform"}}]}]},{"rolls":{"min":2.0,"max":3.0,"type":"minecraft:uniform"},"entries":[{"name":"minecraft:experience_bottle","type":"minecraft:item","weight":7},{"name":"minecraft:string","type":"minecraft:item","weight":4,"functions":[{"function":"minecraft:set_count","count":{"min":1.0,"max":6.0,"type":"minecraft:uniform"}}]},{"name":"minecraft:arrow","type":"minecraft:item","weight":4,"functions":[{"function":"minecraft:set_count","count":{"min":2.0,"max":7.0,"type":"minecraft:uniform"}}]},{"name":"minecraft:tripwire_hook","type":"minecraft:item","weight":3,"functions":[{"function":"minecraft:set_count","count":{"min":1.0,"max":3.0,"type":"minecraft:uniform"}}]},{"name":"minecraft:iron_ingot","type":"minecraft:item","weight":3,"functions":[{"function":"minecraft:set_count","count":{"min":1.0,"max":3.0,"type":"minecraft:uniform"}}]},{"name":"minecraft:book","type":"minecraft:item","functions":[{"function":"minecraft:enchant_randomly"}]}]}]}