{
  "type": "minecraft:decorated",
  "config": {
    "decorator": {
      "type": "minecraft:decorated",
      "config": {
        "outer": {
          "type": "minecraft:carving_mask",
          "config": {
            "step": "air"
          }
        },
        "inner": {
          "type": "minecraft:chance",
          "config": {
            "chance": 1
          }
        }
      }
    },
    "feature": {
      "type": "minecraft:simple_random_selector",
      "config": {
        "features": [
          {
            "type": "minecraft:simple_block",
            "config": {
              "to_place": {
                "type": "minecraft:simple_state_provider",
                "state": {
                  "Name": "minecraft:hanging_roots",
                  "Properties": {
                    "waterlogged": "false"
                  }
                }
              },
              "place_on": [
                {
                  "Name": "minecraft:air"
                },
                {
                  "Name": "minecraft:cave_air"
                }
              ],
              "place_in": [
                {
                  "Name": "minecraft:air"
                },
                {
                  "Name": "minecraft:cave_air"
                }
              ],
              "place_under": [
                {
                  "Name": "minecraft:rooted_dirt"
                }
              ]
            }
          }
        ]
      }
    }
  }
}