{
  "config": {
    "decorator": {
      "type": "decorated",
      "config": {
        "outer": {
          "type": "minecraft:water_depth_threshold",
          "config": {
            "max_water_depth": 0
          }
        },
        "inner": {
          "type": "minecraft:heightmap",
          "config": {
            "heightmap": "OCEAN_FLOOR"
          }
        }
      }
    },
    "feature": {
      "type": "minecraft:tree",
      "config": {
        "ignore_vines": true,
        "minimum_size": {
          "limit": 1,
          "lower_size": 0,
          "upper_size": 2,
          "type": "minecraft:two_layers_feature_size"
        },
        "decorators": [
          {
            "provider": {
              "state": {
                "Properties": {
                  "snowy": "false"
                },
                "Name": "minecraft:mycelium"
              },
              "type": "minecraft:simple_state_provider"
            },
            "type": "minecraft:alter_ground"
          }
        ],
        "trunk_provider": {
          "state": {
            "Properties": {
              "west": "true",
              "up": "true",
              "south": "true",
              "north": "true",
              "east": "true",
              "down": "true"
            },
            "Name": "minecraft:mushroom_stem"
          },
          "type": "minecraft:simple_state_provider"
        },
        "foliage_placer": {
          "radius": 1,
          "offset": 0,
          "type": "minecraft:acacia_foliage_placer"
        },
        "trunk_placer": {
          "base_height": 2,
          "height_rand_a": 2,
          "height_rand_b": 2,
          "type": "minecraft:forking_trunk_placer"
        },
        "foliage_provider": {
          "state": {
            "Properties": {
              "west": "true",
              "up": "true",
              "south": "true",
              "north": "true",
              "east": "true",
              "down": "false"
            },
            "Name": "minecraft:red_mushroom_block"
          },
          "type": "minecraft:simple_state_provider"
        },
        "force_dirt": false,
        "dirt_provider": {
          "type": "minecraft:simple_state_provider",
          "state": {
            "Name": "minecraft:dirt"
          }
        },
        "sapling_provider": {
          "type": "minecraft:simple_state_provider",
          "state": {
            "Name": "minecraft:oak_sapling",
            "Properties": {
              "stage": "0"
            }
          }
        }
      }
    }
  },
  "type": "minecraft:decorated"
}
