{
  "type": "minecraft:decorated",
  "config": {
    "decorator": {
      "type": "minecraft:count_extra",
      "config": {
        "count": 1000,
        "extra_count": 0,
        "extra_chance": 0
      }
    },
    "feature": {
      "type": "minecraft:decorated",
      "config": {
        "decorator": {
          "type": "minecraft:square",
          "config": {}
        },
        "feature": {
          "type": "minecraft:decorated",
          "config": {
            "decorator": {
              "type": "minecraft:count_noise_biased",
              "config": {
                "noise_to_count_ratio": 1,
                "noise_factor": 200,
                "noise_offset": 0.05
              }
            },
            "feature": {
              "type": "minecraft:decorated",
              "config": {
                "decorator": {
                  "type": "minecraft:count_noise_biased",
                  "config": {
                    "noise_to_count_ratio": -1,
                    "noise_factor": 200,
                    "noise_offset": -0.05
                  }
                },
                "feature": {
                  "type": "minecraft:decorated",
                  "config": {
                    "decorator": {
                      "type": "minecraft:range",
                      "config": {
                        "height": {
                          "type": "minecraft:uniform",
                          "min_inclusive": {
                            "absolute": 62
                          },
                          "max_inclusive": {
                            "absolute": 63
                          }
                        }
                      }
                    },
                    "feature": {
                      "type": "minecraft:simple_block",
                      "config": {
                        "to_place": {
                          "type": "minecraft:simple_state_provider",
                          "state": {
                            "Name": "minecraft:cobblestone"
                          }
                        },
                        "place_on": [
                          {
                            "Name": "minecraft:dirt"
                          }
                        ],
                        "place_in": [
                          {
                            "Name": "minecraft:grass_block",
                            "Properties": {
                              "snowy": "false"
                            }
                          }
                        ],
                        "place_under": [
                          {
                            "Name": "minecraft:air"
                          }
                        ]
                      }
                    }
                  }
                }
              }
            }
          }
        }
      }
    }
  }
}
