{
  "scale": -0.07,
  "effects": {
    "mood_sound": {
      "sound": "minecraft:ambient.cave",
      "tick_delay": 6000,
      "block_search_extent": 8,
      "offset": 2
    },
    "grass_color": 16765810,
    "sky_color": 7907327,
    "fog_color": 12638463,
    "water_color": 4566514,
    "water_fog_color": 267827
  },
  "surface_builder": "wythers:sand_beach",
  "carvers": {
    "air": [
      "minecraft:ocean_cave"
    ],
    "liquid": []
  },
  "features": [
    [
      "wythers:generic/disk_sand_beach",
      "minecraft:patch_grass_forest"
    ],
    [],
    [
      "minecraft:amethyst_geode"
    ],
    [
      "minecraft:monster_room"
    ],
    [],
    [],
    [
      "minecraft:ore_dirt",
      "minecraft:ore_gravel",
      "minecraft:ore_granite",
      "minecraft:ore_diorite",
      "minecraft:ore_andesite",
      "minecraft:ore_tuff",
      "minecraft:ore_deepslate",
      "minecraft:ore_coal",
      "minecraft:ore_iron",
      "minecraft:ore_gold",
      "minecraft:ore_redstone",
      "minecraft:ore_diamond",
      "minecraft:ore_lapis",
      "minecraft:ore_copper",
      "wythers:beach/replace_coarse_dirt_to_sand"
    ],
    [
      "minecraft:rare_dripstone_cluster",
      "minecraft:rare_small_dripstone"
    ],
    [
      "minecraft:glow_lichen",
      "minecraft:brown_mushroom_normal",
      "minecraft:red_mushroom_normal",
      "wythers:generic/patch_stones_south_2",
      "wythers:generic/patch_stones_east_2"
    ],
    [
      "minecraft:freeze_top_layer",
      "wythers:caves/hanging_roots",
      "wythers:caves/grass_roots"
    ]
  ],
  "starts": [
    "more_structures:village_beach",
    "more_structures:pillager_outpost_beach",
    "more_structures:bastion_remnant_beach",
    "minecraft:mineshaft",
    "minecraft:buried_treasure",
    "minecraft:shipwreck_beached",
    "minecraft:ruined_portal"
  ],
  "spawners": {
    "monster": [
      {
        "type": "minecraft:spider",
        "weight": 100,
        "minCount": 4,
        "maxCount": 4
      },
      {
        "type": "minecraft:zombie",
        "weight": 95,
        "minCount": 4,
        "maxCount": 4
      },
      {
        "type": "minecraft:zombie_villager",
        "weight": 5,
        "minCount": 1,
        "maxCount": 1
      },
      {
        "type": "minecraft:skeleton",
        "weight": 100,
        "minCount": 4,
        "maxCount": 4
      },
      {
        "type": "minecraft:creeper",
        "weight": 100,
        "minCount": 4,
        "maxCount": 4
      },
      {
        "type": "minecraft:slime",
        "weight": 100,
        "minCount": 4,
        "maxCount": 4
      },
      {
        "type": "minecraft:enderman",
        "weight": 10,
        "minCount": 1,
        "maxCount": 4
      },
      {
        "type": "minecraft:witch",
        "weight": 5,
        "minCount": 1,
        "maxCount": 1
      }
    ],
    "creature": [
      {
        "type": "minecraft:turtle",
        "weight": 5,
        "minCount": 2,
        "maxCount": 5
      }
    ],
    "ambient": [
      {
        "type": "minecraft:bat",
        "weight": 10,
        "minCount": 8,
        "maxCount": 8
      }
    ],
    "water_creature": [],
    "water_ambient": [],
    "misc": []
  },
  "spawn_costs": {},
  "player_spawn_friendly": false,
  "precipitation": "rain",
  "temperature": 0.8,
  "downfall": 0.4,
  "category": "beach",
  "depth": 0
}
