{
  "surface_builder": "wythers:modified_jungle_edge",
  "depth": 0,
  "scale": 0.75,
  "temperature": 0.5,
  "downfall": 0.8,
  "precipitation": "rain",
  "category": "jungle",
  "player_spawn_friendly": false,
  "effects": {
    "sky_color": 11842740,
    "fog_color": 13158600,
    "water_color": 3156992,
    "water_fog_color": 2302743,
    "grass_color": 5533752,
    "foliage_color": 6590784,
    "grass_color_modifier": "none",
    "mood_sound": {
      "sound": "minecraft:ambient.cave",
      "tick_delay": 6000,
      "block_search_extent": 8,
      "offset": 2
    }
  },
  "starts": [
    "more_structures:village_modified_jungle_edge",
    "more_structures:pillager_outpost_modified_jungle_edge",
    "more_structures:bastion_remnant_modified_jungle_edge",
    "minecraft:jungle_pyramid",
    "minecraft:mineshaft",
    "minecraft:stronghold",
    "minecraft:ruined_portal_jungle"
  ],
  "spawners": {
    "monster": [
      {
        "type": "minecraft:spider",
        "weight": 100,
        "minCount": 4,
        "maxCount": 4
      },
      {
        "type": "minecraft:zombie",
        "weight": 100,
        "minCount": 4,
        "maxCount": 4
      },
      {
        "type": "minecraft:zombie_villager",
        "weight": 5,
        "minCount": 1,
        "maxCount": 1
      },
      {
        "type": "minecraft:skeleton",
        "weight": 100,
        "minCount": 4,
        "maxCount": 4
      },
      {
        "type": "minecraft:creeper",
        "weight": 100,
        "minCount": 4,
        "maxCount": 4
      },
      {
        "type": "minecraft:slime",
        "weight": 100,
        "minCount": 4,
        "maxCount": 4
      },
      {
        "type": "minecraft:enderman",
        "weight": 10,
        "minCount": 1,
        "maxCount": 4
      },
      {
        "type": "minecraft:witch",
        "weight": 10,
        "minCount": 1,
        "maxCount": 1
      },
      {
        "type": "minecraft:ocelot",
        "weight": 4,
        "minCount": 1,
        "maxCount": 3
      }
    ],
    "creature": [
      {
        "type": "minecraft:panda",
        "weight": 80,
        "minCount": 1,
        "maxCount": 2
      },
      {
        "type": "minecraft:parrot",
        "weight": 100,
        "minCount": 4,
        "maxCount": 6
      }
    ],
    "ambient": [
      {
        "type": "minecraft:bat",
        "weight": 10,
        "minCount": 8,
        "maxCount": 8
      }
    ],
    "underground_water_creature": [
      {
        "type": "minecraft:glow_squid",
        "weight": 10,
        "minCount": 4,
        "maxCount": 6
      },
      {
        "type": "minecraft:axolotl",
        "weight": 10,
        "minCount": 4,
        "maxCount": 6
      }
    ],
    "water_creature": [],
    "water_ambient": [
      {
        "type": "minecraft:pufferfish",
        "weight": 15,
        "minCount": 1,
        "maxCount": 3
      },
      {
        "type": "minecraft:tropical_fish",
        "weight": 25,
        "minCount": 8,
        "maxCount": 8
      }
    ],
    "misc": []
  },
  "spawn_costs": {},
  "carvers": {
    "air": [
      "minecraft:ocean_cave"
    ],
    "liquid": [
      "minecraft:underwater_cave"
    ]
  },
  "features": [
    [
      "wythers:jungle/modified_edge_simple_moss_blocks"
    ],
    [
      "wythers:jungle/edge_tepui_pools"
    ],
    [
      "minecraft:amethyst_geode"
    ],
    [
      "minecraft:monster_room"
    ],
    [],
    [],
    [
      "wythers:generic/replace_podzol_to_grass",
      "wythers:generic/ore_base_deepslate",
      "wythers:jungle/modified_ore_tuff",
      "wythers:jungle/modified_replace_dirt_to_stone",
      "wythers:generic/heightmap_ore_mossy_cobblestone",
      "wythers:ores/tepui_ore_emerald",
      "wythers:ores/tepui_ore_gold",
      "wythers:ores/tepui_ore_infested_deepslate",
      "minecraft:ore_dirt",
      "minecraft:ore_gravel",
      "minecraft:ore_andesite",
      "minecraft:ore_tuff",
      "minecraft:ore_deepslate",
      "minecraft:ore_coal",
      "minecraft:ore_iron",
      "minecraft:ore_gold",
      "minecraft:ore_redstone",
      "minecraft:ore_diamond",
      "minecraft:ore_lapis",
      "minecraft:ore_copper",
      "minecraft:disk_clay"
    ],
    [
      "minecraft:rare_dripstone_cluster",
      "minecraft:rare_small_dripstone"
    ],
    [
      "minecraft:glow_lichen",
      "wythers:jungle/cloud_forest_vegetation",
      "wythers:jungle/modified_cnb_rainforest_vegetation",
      "wythers:jungle/cloud_forest_flowers",
      "wythers:generic/patch_ferns_dense",
      "wythers:generic/patch_ferns_tall_dense",
      "minecraft:patch_grass_savanna",
      "minecraft:patch_dead_bush",
      "minecraft:patch_waterlilly",
      "minecraft:brown_mushroom_swamp",
      "minecraft:red_mushroom_swamp",
      "minecraft:brown_mushroom_normal",
      "minecraft:red_mushroom_normal",
      "minecraft:spring_water",
      "minecraft:seagrass_swamp",
      "wythers:generic/patch_stones_south_1",
      "wythers:generic/patch_stones_east_1"
    ],
    [
      "minecraft:freeze_top_layer",
      "wythers:caves/hanging_roots",
      "wythers:caves/grass_roots",
      "wythers:jungle/simple_block_moss_carpet_modified"
    ]
  ]
}
