{
  "scale": 0.45,
  "effects": {
    "mood_sound": {
      "sound": "minecraft:ambient.cave",
      "tick_delay": 6000,
      "block_search_extent": 8,
      "offset": 2
    },
    "sky_color": 7776511,
    "fog_color": 14598542,
    "water_color": 4566514,
    "water_fog_color": 267827
  },
  "surface_builder": "wythers:savanna_plateau",
  "carvers": {
    "air": [
      "minecraft:cave"
    ]
  },
  "features": [
    [],
    [],
    [
      "minecraft:amethyst_geode"
    ],
    [
      "minecraft:monster_room"
    ],
    [],
    [],
    [
      "wythers:savanna/cnb_ore_grass_block_to_terracotta",
      "wythers:savanna/cnb_ore_grass_block_to_terracotta_2",
      "wythers:generic/heightmap_ore_coarse_dirt_in_grass",
      "wythers:savanna/heightmap_ore_coarse_dirt_in_terracotta",
      "wythers:generic/heightmap_ore_dirt_in_grass",
      "wythers:generic/ore_base_granite",
      "minecraft:ore_dirt",
      "minecraft:ore_gravel",
      "minecraft:ore_granite",
      "minecraft:ore_diorite",
      "minecraft:ore_andesite",
      "minecraft:ore_tuff",
      "minecraft:ore_deepslate",
      "minecraft:ore_coal",
      "minecraft:ore_iron",
      "minecraft:ore_gold",
      "minecraft:ore_redstone",
      "minecraft:ore_diamond",
      "minecraft:ore_lapis",
      "minecraft:ore_copper"
    ],
    [
      "minecraft:rare_dripstone_cluster",
      "minecraft:rare_small_dripstone",
      "wythers:savanna/plateau_spikes"
    ],
    [
      "minecraft:glow_lichen",
      "wythers:savanna/cnb_block_pile_birch_leaves",
      "minecraft:patch_tall_grass",
      "wythers:savanna/plateau_vegetation",
      "wythers:savanna/american_cnb_vegetation_pine_woodland",
      "wythers:savanna/cnb_vegetation_miombo_woodland",
      "minecraft:patch_grass_savanna",
      "minecraft:brown_mushroom_normal",
      "minecraft:red_mushroom_normal",
      "minecraft:spring_water",
      "wythers:savanna/simple_seagrass"
    ],
    [
      "minecraft:freeze_top_layer",
      "wythers:caves/hanging_roots",
      "wythers:caves/grass_roots",
      "wythers:savanna/australian_cnb_ore_base_smooth_red_sandstone"
    ]
  ],
  "starts": [
    "more_structures:village_savanna_plateau",
    "more_structures:pillager_outpost_savanna_plateau",
    "more_structures:bastion_remnant_savanna_plateau",
    "minecraft:mineshaft",
    "minecraft:stronghold",
    "minecraft:ruined_portal_mountain"
  ],
  "spawners": {
    "monster": [
      {
        "type": "minecraft:spider",
        "weight": 100,
        "minCount": 4,
        "maxCount": 4
      },
      {
        "type": "minecraft:zombie",
        "weight": 95,
        "minCount": 4,
        "maxCount": 4
      },
      {
        "type": "minecraft:zombie_villager",
        "weight": 5,
        "minCount": 1,
        "maxCount": 1
      },
      {
        "type": "minecraft:skeleton",
        "weight": 100,
        "minCount": 4,
        "maxCount": 4
      },
      {
        "type": "minecraft:creeper",
        "weight": 100,
        "minCount": 4,
        "maxCount": 4
      },
      {
        "type": "minecraft:slime",
        "weight": 100,
        "minCount": 4,
        "maxCount": 4
      },
      {
        "type": "minecraft:enderman",
        "weight": 10,
        "minCount": 1,
        "maxCount": 4
      },
      {
        "type": "minecraft:witch",
        "weight": 5,
        "minCount": 1,
        "maxCount": 1
      }
    ],
    "creature": [
      {
        "type": "minecraft:llama",
        "weight": 100,
        "minCount": 4,
        "maxCount": 6
      }
    ],
    "ambient": [
      {
        "type": "minecraft:bat",
        "weight": 10,
        "minCount": 8,
        "maxCount": 8
      }
    ],
    "water_creature": [],
    "water_ambient": [
      {
        "type": "minecraft:cod",
        "weight": 5,
        "minCount": 1,
        "maxCount": 5
      }
    ],
    "misc": []
  },
  "spawn_costs": {},
  "player_spawn_friendly": false,
  "precipitation": "none",
  "temperature": 1,
  "downfall": 0,
  "category": "savanna",
  "depth": 1
}
