{
  "type": "minecraft:decorated",
  "config": {
    "decorator": {
      "type": "minecraft:decorated",
      "config": {
        "outer": {
          "type": "minecraft:heightmap",
          "config": {
            "heightmap": "WORLD_SURFACE_WG"
          }
        },
        "inner": {
          "type": "minecraft:count",
          "config": {
            "count": 2
          }
        }
      }
    },
    "feature": {
      "type": "minecraft:delta_feature",
      "config": {
        "contents": {
          "Name": "minecraft:water",
          "Properties": {
            "level": "0"
          }
        },
        "rim": {
          "Name": "minecraft:calcite"
        },
        "size": {
          "type": "minecraft:uniform",
          "value": {
            "min_inclusive": 3,
            "max_inclusive": 7
          }
        },
        "rim_size": {
          "type": "minecraft:uniform",
          "value": {
            "min_inclusive": 0,
            "max_inclusive": 2
          }
        }
      }
    }
  }
}