{
  "type": "minecraft:vegetation_patch",
  "config": {
    "surface": "ceiling",
    "depth": {
      "type": "minecraft:uniform",
      "value": {
        "min_inclusive": 1,
        "max_inclusive": 1
      }
    },
    "vertical_range": 5,
    "extra_bottom_block_chance": 0,
    "extra_edge_column_chance": 1,
    "vegetation_chance": 0.05,
    "xz_radius": {
      "type": "minecraft:uniform",
      "value": {
        "min_inclusive": 4,
        "max_inclusive": 7
      }
    },
    "replaceable": "minecraft:deepslate_ore_replaceables",
    "ground_state": {
      "type": "minecraft:simple_state_provider",
      "state": {
        "Name": "minecraft:deepslate_redstone_ore",
        "Properties": {
          "lit": "true"
        }
      }
    },
    "vegetation_feature": "wythers:caves/weeping_vines_in_deeplsate_redstone_ore"
  }
}