{
  "type": "minecraft:decorated",
  "config": {
    "decorator": {
      "type": "minecraft:count_extra",
      "config": {
        "count": 3000,
        "extra_count": 0,
        "extra_chance": 0
      }
    },
    "feature": {
      "type": "minecraft:decorated",
      "config": {
        "decorator": {
          "type": "minecraft:square",
          "config": {}
        },
        "feature": {
          "type": "minecraft:decorated",
          "config": {
            "decorator": {
              "type": "minecraft:range",
              "config": {
                "height": {
                  "type": "minecraft:uniform",
                  "min_inclusive": {
                    "above_bottom": 0
                  },
                  "max_inclusive": {
                    "absolute": 60
                  }
                }
              }
            },
            "feature": {
              "type": "minecraft:random_selector",
              "config": {
                "features": [
                  {
                    "chance": 0.5,
                    "feature": {
                      "type": "minecraft:simple_block",
                      "config": {
                        "to_place": {
                          "type": "minecraft:simple_state_provider",
                          "state": {
                            "Name": "minecraft:crimson_roots"
                          }
                        },
                        "place_on": [
                          {
                            "Name": "minecraft:mycelium",
                            "Properties": {
                              "snowy": "false"
                            }
                          }
                        ],
                        "place_in": [
                          {
                            "Name": "minecraft:air"
                          }
                        ],
                        "place_under": [
                          {
                            "Name": "minecraft:air"
                          }
                        ]
                      }
                    }
                  },
                  {
                    "chance": 0.5,
                    "feature": {
                      "type": "minecraft:simple_block",
                      "config": {
                        "to_place": {
                          "type": "minecraft:simple_state_provider",
                          "state": {
                            "Name": "minecraft:red_mushroom"
                          }
                        },
                        "place_on": [
                          {
                            "Name": "minecraft:mycelium",
                            "Properties": {
                              "snowy": "false"
                            }
                          }
                        ],
                        "place_in": [
                          {
                            "Name": "minecraft:air"
                          }
                        ],
                        "place_under": []
                      }
                    }
                  }
                ],
                "default": {
                  "type": "minecraft:simple_block",
                  "config": {
                    "to_place": {
                      "type": "minecraft:simple_state_provider",
                      "state": {
                        "Name": "minecraft:brown_mushroom"
                      }
                    },
                    "place_on": [
                      {
                        "Name": "minecraft:mycelium",
                        "Properties": {
                          "snowy": "false"
                        }
                      }
                    ],
                    "place_in": [
                      {
                        "Name": "minecraft:air"
                      }
                    ],
                    "place_under": []
                  }
                }
              }
            }
          }
        }
      }
    }
  }
}