{
  "type": "minecraft:decorated",
  "config": {
    "decorator": {
      "type": "minecraft:count_extra",
      "config": {
        "count": 500,
        "extra_count": 0,
        "extra_chance": 0
      }
    },
    "feature": {
      "type": "minecraft:decorated",
      "config": {
        "decorator": {
          "type": "minecraft:range",
          "config": {
            "height": {
              "type": "minecraft:uniform",
              "min_inclusive": {
                "absolute": -60
              },
              "max_inclusive": {
                "absolute": 0
              }
            }
          }
        },
        "feature": {
          "type": "minecraft:decorated",
          "config": {
            "decorator": {
              "type": "minecraft:square",
              "config": {}
            },
            "feature": {
              "type": "minecraft:delta_feature",
              "config": {
                "contents": {
                  "Name": "minecraft:lava",
                  "Properties": {
                    "level": "0"
                  }
                },
                "rim": {
                  "Name": "minecraft:magma_block"
                },
                "size": {
                  "type": "minecraft:uniform",
                  "value": {
                    "min_inclusive": 2,
                    "max_inclusive": 5
                  }
                },
                "rim_size": {
                  "type": "minecraft:uniform",
                  "value": {
                    "min_inclusive": 0,
                    "max_inclusive": 2
                  }
                }
              }
            }
          }
        }
      }
    }
  }
}