{
  "type": "minecraft:decorated",
  "config": {
    "decorator": {
      "type": "minecraft:count",
      "config": {
        "count": 7
      }
    },
    "feature": {
      "type": "minecraft:decorated",
      "config": {
        "decorator": {
          "type": "minecraft:decorated",
          "config": {
            "outer": {
              "type": "minecraft:square",
              "config": {}
            },
            "inner": {
              "type": "minecraft:heightmap",
              "config": {
                "heightmap": "MOTION_BLOCKING"
              }
            }
          }
        },
        "feature": {
          "type": "minecraft:decorated",
          "config": {
            "decorator": {
              "type": "minecraft:chance",
              "config": {
                "chance": 2
              }
            },
            "feature": {
              "type": "minecraft:random_patch",
              "config": {
                "can_replace": false,
                "project": false,
                "need_water": false,
                "xspread": 7,
                "yspread": 3,
                "zspread": 7,
                "tries": 64,
                "state_provider": {
                  "type": "minecraft:simple_state_provider",
                  "state": {
                    "Name": "minecraft:large_fern",
                    "Properties": {
                      "half": "lower"
                    }
                  }
                },
                "block_placer": {
                  "type": "minecraft:double_plant_placer"
                },
                "whitelist": [],
                "blacklist": []
              }
            }
          }
        }
      }
    }
  }
}