{
  "type": "minecraft:decorated",
  "config": {
    "decorator": {
      "type": "minecraft:decorated",
      "config": {
        "outer": {
          "type": "minecraft:count_noise_biased",
          "config": {
            "noise_to_count_ratio": 1,
            "noise_factor": 1000,
            "noise_offset": -0.4
          }
        },
        "inner": {
          "type": "minecraft:range",
          "config": {
            "height": {
              "type": "minecraft:uniform",
              "min_inclusive": {
                "absolute": 200
              },
              "max_inclusive": {
                "below_top": 0
              }
            }
          }
        }
      }
    },
    "feature": "wythers:fossils/greek_temple_ruin"
  }
}
