{
  "type": "minecraft:decorated",
  "config": {
    "decorator": {
      "type": "minecraft:count",
      "config": {
        "count": 64
      }
    },
    "feature": {
      "type": "minecraft:decorated",
      "config": {
        "decorator": {
          "type": "minecraft:square",
          "config": {}
        },
        "feature": {
          "type": "minecraft:decorated",
          "config": {
            "decorator": {
              "type": "minecraft:range",
              "config": {
                "height": {
                  "type": "minecraft:uniform",
                  "min_inclusive": {
                    "absolute": 50
                  },
                  "max_inclusive": {
                    "absolute": 100
                  }
                }
              }
            },
            "feature": {
              "type": "minecraft:ore",
              "config": {
                "size": 16,
                "discard_chance_on_air_exposure": 0,
                "targets": [
                  {
                    "target": {
                      "predicate_type": "minecraft:block_match",
                      "block": "minecraft:dead_brain_coral_block"
                    },
                    "state": {
                      "Name": "minecraft:dead_tube_coral_block"
                    }
                  }
                ]
              }
            }
          }
        }
      }
    }
  }
}
