{
  "type": "minecraft:decorated",
  "config": {
    "decorator": {
      "type": "minecraft:chance",
      "config": {
        "chance": 1
      }
    },
    "feature": {
      "type": "minecraft:decorated",
      "config": {
        "decorator": {
          "type": "minecraft:count",
          "config": {
            "count": 50
          }
        },
        "feature": {
          "type": "minecraft:decorated",
          "config": {
            "decorator": {
              "type": "minecraft:decorated",
              "config": {
                "outer": {
                  "type": "minecraft:square",
                  "config": {}
                },
                "inner": {
                  "type": "minecraft:heightmap",
                  "config": {
                    "heightmap": "MOTION_BLOCKING"
                  }
                }
              }
            },
            "feature": {
              "type": "minecraft:random_patch",
              "config": {
                "can_replace": false,
                "project": false,
                "need_water": false,
                "xspread": 10,
                "yspread": 5,
                "zspread": 10,
                "tries": 32,
                "state_provider": {
                  "type": "minecraft:simple_state_provider",
                  "state": {
                    "Name": "minecraft:quartz_pillar",
                    "Properties": {
                      "axis": "y"
                    }
                  }
                },
                "block_placer": {
                  "type": "minecraft:simple_block_placer"
                },
                "whitelist": [
                  {
                    "Name": "minecraft:quartz_pillar",
                    "Properties": {
                      "axis": "y"
                    }
                  }
                ],
                "blacklist": []
              }
            }
          }
        }
      }
    }
  }
}
